Feature,SHAP Value
X6,7.234317311866079e-14
X8,4.802234998546595e-14
X1,2.562706991060537e-14
X12,2.039514390705932e-14
X11,1.9616253066345735e-14
X15,1.923808334858279e-14
X17,1.2655675118988796e-14
X4,1.0030171138097899e-14
X7,9.648531973383001e-15
X16,8.481930435788598e-15
X9,7.981896393838284e-15
X2,7.077238101116379e-15
X13,5.724479050506215e-15
X5,5.308036996054533e-15
X18,4.937023012629993e-15
X3,4.320979338223729e-15
X14,3.838943052336674e-15
X10,2.6194324487249787e-15
